-- phpMyAdmin SQL Dump
-- version 5.2.1
-- https://www.phpmyadmin.net/
--
-- Хост: 127.0.0.1
-- Время создания: Мар 30 2026 г., 22:20
-- Версия сервера: 12.2.2-MariaDB
-- Версия PHP: 8.2.12

SET SQL_MODE = "NO_AUTO_VALUE_ON_ZERO";
START TRANSACTION;
SET time_zone = "+00:00";


/*!40101 SET @OLD_CHARACTER_SET_CLIENT=@@CHARACTER_SET_CLIENT */;
/*!40101 SET @OLD_CHARACTER_SET_RESULTS=@@CHARACTER_SET_RESULTS */;
/*!40101 SET @OLD_COLLATION_CONNECTION=@@COLLATION_CONNECTION */;
/*!40101 SET NAMES utf8mb4 */;

--
-- База данных: `cakes`
--

-- --------------------------------------------------------

--
-- Структура таблицы `goods`
--

CREATE TABLE `goods` (
  `id` int(11) NOT NULL,
  `name` varchar(255) NOT NULL,
  `price` int(11) NOT NULL,
  `discount` int(11) NOT NULL DEFAULT 0,
  `count` int(11) NOT NULL,
  `description` varchar(255) NOT NULL,
  `img` varchar(255) NOT NULL
) ENGINE=InnoDB DEFAULT CHARSET=utf8mb4 COLLATE=utf8mb4_general_ci;

--
-- Дамп данных таблицы `goods`
--

INSERT INTO `goods` (`id`, `name`, `price`, `discount`, `count`, `description`, `img`) VALUES
(51, 'Шоколадный с вишней', 1890, 150, 8, 'Влажный шоколадный бисквит с вишнёвой начинкой и шоколадным кремом', '052da6e4c443c1fd60fd6280d541398f.jpg'),
(52, 'Морковный с кремом чиз', 1650, 120, 10, 'Нежный морковный торт с орехами и воздушным крем-чизом', '052da6e4c443c1fd60fd6280d541398f.jpg'),
(53, 'Наполеон', 1490, 100, 12, 'Классический торт из слоёных коржей с заварным кремом', '052da6e4c443c1fd60fd6280d541398f.jpg'),
(54, 'Медовик', 1390, 90, 15, 'Традиционный медовик с тонкими коржами и сметанным кремом', '052da6e4c443c1fd60fd6280d541398f.jpg'),
(55, 'Красный бархат', 1990, 200, 7, 'Бархатистый торт насыщенного красного цвета с крем-чизом', '052da6e4c443c1fd60fd6280d541398f.jpg'),
(56, 'Тирамису', 1750, 130, 9, 'Итальянский десерт с кофейной пропиткой и маскарпоне', '052da6e4c443c1fd60fd6280d541398f.jpg'),
(57, 'Прага', 1590, 110, 11, 'Шоколадный торт с абрикосовым джемом и шоколадной глазурью', '052da6e4c443c1fd60fd6280d541398f.jpg'),
(58, 'Птичье молоко', 1690, 140, 8, 'Воздушное суфле на бисквитном корже с шоколадной глазурью', '052da6e4c443c1fd60fd6280d541398f.jpg'),
(59, 'Фруктовый микс', 1850, 160, 6, 'Бисквитный торт с фруктово-ягодной начинкой и желе', '052da6e4c443c1fd60fd6280d541398f.jpg'),
(60, 'Три шоколада', 2100, 250, 5, 'Торт из трёх видов шоколадного бисквита с шоколадным муссом', '052da6e4c443c1fd60fd6280d541398f.jpg'),
(61, 'Сметанник', 1290, 80, 14, 'Нежный сметанный торт с рассыпчатыми коржами', '052da6e4c443c1fd60fd6280d541398f.jpg'),
(62, 'Чизкейк Нью-Йорк', 1950, 180, 7, 'Классический чизкейк на песочной основе с творожным сыром', '052da6e4c443c1fd60fd6280d541398f.jpg'),
(63, 'Эстерхази', 2200, 220, 4, 'Венгерский торт из ореховых коржей с шоколадным кремом', '052da6e4c443c1fd60fd6280d541398f.jpg'),
(64, 'Муравейник', 1190, 70, 16, 'Десерт из крошёного печенья с варёной сгущёнкой и орехами', '052da6e4c443c1fd60fd6280d541398f.jpg'),
(65, 'Панчо', 1790, 150, 9, 'Шоколадный торт с ананасами, грецкими орехами и сметанным кремом', '052da6e4c443c1fd60fd6280d541398f.jpg'),
(66, 'Опера', 2300, 280, 3, 'Французский торт из миндального бисквита с кофейным и шоколадным кремом', '052da6e4c443c1fd60fd6280d541398f.jpg'),
(67, 'Павлова', 1890, 170, 6, 'Безе с хрустящей корочкой и мягкой серединкой, украшенное ягодами', '052da6e4c443c1fd60fd6280d541398f.jpg'),
(68, 'Киевский', 1990, 190, 5, 'Ореховый торт с масляным кремом и шоколадной глазурью', '052da6e4c443c1fd60fd6280d541398f.jpg'),
(69, 'Карамельный', 1690, 130, 10, 'Бисквит с карамельным кремом и солёной карамелью', '052da6e4c443c1fd60fd6280d541398f.jpg'),
(70, 'Банановый', 1550, 110, 12, 'Нежный торт с банановым кремом и кусочками свежих бананов', '052da6e4c443c1fd60fd6280d541398f.jpg'),
(71, 'Лимонный', 1490, 100, 13, 'Освежающий торт с лимонным курдом и меренгой', '052da6e4c443c1fd60fd6280d541398f.jpg'),
(72, 'Ореховый', 1750, 140, 9, 'Плотный бисквит с грецкими орехами и карамельным кремом', '052da6e4c443c1fd60fd6280d541398f.jpg'),
(73, 'Кокосовый', 1850, 160, 8, 'Бисквит с кокосовой стружкой и кокосовым кремом', '052da6e4c443c1fd60fd6280d541398f.jpg'),
(74, 'Манговый', 1990, 180, 6, 'Лёгкий торт с манговым муссом и фруктовым желе', '052da6e4c443c1fd60fd6280d541398f.jpg'),
(75, 'Клубничный', 1790, 150, 10, 'Воздушный бисквит с клубничным кремом и свежими ягодами', '052da6e4c443c1fd60fd6280d541398f.jpg'),
(76, 'Черничный', 1890, 170, 7, 'Бисквит с черничным кремом и ягодным конфи', '052da6e4c443c1fd60fd6280d541398f.jpg'),
(77, 'Апельсиновый', 1650, 120, 11, 'Цитрусовый торт с апельсиновым курдом и глазурью', '052da6e4c443c1fd60fd6280d541398f.jpg'),
(78, 'Грушевый', 1750, 140, 9, 'Бисквит с грушевым кремом и карамелизированными грушами', '052da6e4c443c1fd60fd6280d541398f.jpg'),
(79, 'Малиновый', 1950, 180, 6, 'Воздушный торт с малиновым муссом и ягодным соусом', '052da6e4c443c1fd60fd6280d541398f.jpg'),
(80, 'Фисташковый', 2100, 200, 5, 'Нежный фисташковый бисквит с фисташковым кремом', '052da6e4c443c1fd60fd6280d541398f.jpg'),
(81, 'Ванильный с ягодами', 1690, 130, 12, 'Классический ванильный бисквит с ягодным кремом и свежими ягодами', '052da6e4c443c1fd60fd6280d541398f.jpg'),
(82, 'Шоколадно-ореховый', 1990, 190, 7, 'Шоколадный бисквит с ореховым кремом и карамелью', '052da6e4c443c1fd60fd6280d541398f.jpg'),
(83, 'Кофейный', 1790, 150, 10, 'Бисквит с кофейной пропиткой и кофейным кремом', '052da6e4c443c1fd60fd6280d541398f.jpg'),
(84, 'Трюфельный', 2290, 250, 4, 'Интенсивный шоколадный торт с трюфельным кремом', '052da6e4c443c1fd60fd6280d541398f.jpg'),
(85, 'Мандариновый', 1650, 120, 11, 'Цитрусовый торт с мандариновым курдом и меренгой', '052da6e4c443c1fd60fd6280d541398f.jpg'),
(86, 'Персиковый', 1790, 140, 9, 'Бисквит с персиковым кремом и кусочками консервированных персиков', '052da6e4c443c1fd60fd6280d541398f.jpg'),
(87, 'Мятный шоколадный', 1890, 170, 8, 'Шоколадный бисквит с мятным кремом и шоколадной глазурью', '052da6e4c443c1fd60fd6280d541398f.jpg'),
(88, 'Ананасовый', 1690, 130, 12, 'Бисквит с ананасовым кремом и кусочками ананасов', '052da6e4c443c1fd60fd6280d541398f.jpg'),
(89, 'Вишнёвый', 1750, 150, 10, 'Шоколадный бисквит с вишнёвым конфи и шоколадным кремом', '052da6e4c443c1fd60fd6280d541398f.jpg'),
(90, 'Карамельно-ореховый', 1990, 190, 7, 'Бисквит с карамельным кремом, орехами и солёной карамелью', '052da6e4c443c1fd60fd6280d541398f.jpg'),
(91, 'Лимонно-имбирный', 1650, 120, 11, 'Освежающий торт с лимонным кремом и имбирными нотками', '052da6e4c443c1fd60fd6280d541398f.jpg'),
(92, 'Шоколадно-вишнёвый', 1950, 180, 8, 'Шоколадный бисквит с вишнёвой начинкой и шоколадным ганашем', '052da6e4c443c1fd60fd6280d541398f.jpg'),
(93, 'Манго-маракуйя', 1890, 170, 7, 'Экзотический торт с муссом из манго и маракуйи', '052da6e4c443c1fd60fd6280d541398f.jpg'),
(94, 'Орехово-карамельный', 1990, 190, 6, 'Бисквит с ореховым кремом, карамелью и шоколадной глазурью', '052da6e4c443c1fd60fd6280d541398f.jpg'),
(95, 'Ягодный микс', 1850, 160, 9, 'Бисквит с кремом из смеси ягод и ягодным желе', '052da6e4c443c1fd60fd6280d541398f.jpg'),
(96, 'Шоколадно-мятный', 1890, 170, 8, 'Шоколадный бисквит с мятным кремом и шоколадной глазурью', '052da6e4c443c1fd60fd6280d541398f.jpg'),
(97, 'Абрикосовый', 1690, 130, 11, 'Бисквит с абрикосовым кремом и кусочками абрикосов', '052da6e4c443c1fd60fd6280d541398f.jpg'),
(98, 'Миндальный', 1950, 180, 7, 'Нежный миндальный бисквит с миндальным кремом', '052da6e4c443c1fd60fd6280d541398f.jpg'),
(99, 'Цитрусовый микс', 1790, 150, 10, 'Торт с кремом из лимона, апельсина и лайма', '052da6e4c443c1fd60fd6280d541398f.jpg'),
(100, 'Шоколадно-карамельный', 1990, 190, 8, 'Шоколадный бисквит с карамельным кремом и шоколадной глазурью', '052da6e4c443c1fd60fd6280d541398f.jpg'),
(101, 'Грушевый с карамелью', 1750, 140, 9, 'Бисквит с грушевым кремом и карамелизованными грушами', '052da6e4c443c1fd60fd6280d541398f.jpg'),
(102, 'Мятный с шоколадом', 1850, 160, 10, 'Лёгкий мятный торт с кусочками тёмного шоколада', '052da6e4c443c1fd60fd6280d541398f.jpg'),
(103, 'Ореховый с мёдом', 1650, 120, 12, 'Бисквит на мёде с грецкими орехами и карамельным соусом', '052da6e4c443c1fd60fd6280d541398f.jpg'),
(104, 'Кокосово-ананасовый', 1790, 150, 8, 'Бисквит с кокосовой стружкой и ананасовым кремом', '052da6e4c443c1fd60fd6280d541398f.jpg'),
(105, 'Вишнёво-шоколадный', 1950, 180, 7, 'Шоколадный торт с вишнёвым конфитюром и шоколадной глазурью', '052da6e4c443c1fd60fd6280d541398f.jpg'),
(106, 'Лимонно-ванильный', 1590, 110, 13, 'Воздушный бисквит с лимонным курдом и ванильным кремом', '052da6e4c443c1fd60fd6280d541398f.jpg'),
(107, 'Бананово-карамельный', 1690, 130, 11, 'Нежный торт с банановым муссом и солёной карамелью', '052da6e4c443c1fd60fd6280d541398f.jpg'),
(108, 'Фисташково-малиновый', 2100, 200, 6, 'Фисташковый бисквит с малиновым конфи и фисташковой глазурью', '052da6e4c443c1fd60fd6280d541398f.jpg'),
(109, 'Мандарино-имбирный', 1650, 120, 10, 'Цитрусовый торт с имбирными нотками и мандариновым желе', '052da6e4c443c1fd60fd6280d541398f.jpg'),
(110, 'Клубнично-мятный', 1750, 140, 9, 'Воздушный торт с клубничным муссом и мятной пропиткой', '052da6e4c443c1fd60fd6280d541398f.jpg'),
(111, 'Карамельно-ореховый', 1990, 190, 7, 'Бисквит с карамельным кремом, фундуком и шоколадной крошкой', '052da6e4c443c1fd60fd6280d541398f.jpg'),
(112, 'Чернично-лимонный', 1850, 160, 8, 'Бисквит с черничным кремом и лимонной цедрой', '052da6e4c443c1fd60fd6280d541398f.jpg'),
(113, 'Персиково-кокосовый', 1790, 150, 9, 'Лёгкий торт с персиковым муссом и кокосовой стружкой', '052da6e4c443c1fd60fd6280d541398f.jpg'),
(114, 'Трюфельный с орехами', 2290, 250, 4, 'Интенсивный шоколадный торт с трюфельным кремом и орехами', '052da6e4c443c1fd60fd6280d541398f.jpg'),
(115, 'Ванильно-ягодный', 1690, 130, 12, 'Классический ванильный бисквит с ягодным муссом', '052da6e4c443c1fd60fd6280d541398f.jpg'),
(116, 'Кофейно-карамельный', 1790, 150, 10, 'Бисквит с кофейной пропиткой и карамельным ганашем', '052da6e4c443c1fd60fd6280d541398f.jpg'),
(117, 'Шоколадно-фисташковый', 2150, 210, 5, 'Шоколадный бисквит с фисташковым кремом и фисташковой крошкой', '052da6e4c443c1fd60fd6280d541398f.jpg'),
(118, 'Манго-кокосовый', 1890, 170, 7, 'Экзотический торт с муссом из манго и кокосовым кремом', '052da6e4c443c1fd60fd6280d541398f.jpg'),
(119, 'Орехово-медовый', 1650, 120, 11, 'Медовый бисквит с грецкими орехами и карамельной глазурью', '052da6e4c443c1fd60fd6280d541398f.jpg'),
(120, 'Лимонно-мятный', 1550, 110, 14, 'Освежающий торт с лимонным кремом и мятной меренгой', '052da6e4c443c1fd60fd6280d541398f.jpg'),
(121, 'Ананасово-кокосовый', 1750, 140, 10, 'Тропический торт с ананасовым муссом и кокосовой глазурью', '052da6e4c443c1fd60fd6280d541398f.jpg'),
(122, 'Вишнёво-миндальный', 1950, 180, 8, 'Миндальный бисквит с вишнёвой начинкой и шоколадным ганашем', '052da6e4c443c1fd60fd6280d541398f.jpg'),
(123, 'Карамельно-банановый', 1690, 130, 12, 'Бисквит с банановым кремом и карамельной пропиткой', '052da6e4c443c1fd60fd6280d541398f.jpg'),
(124, 'Мятно-шоколадный мусс', 1890, 170, 7, 'Воздушный шоколадный мусс с мятными нотками и шоколадной крошкой', '052da6e4c443c1fd60fd6280d541398f.jpg'),
(125, 'Фруктово-ягодный микс', 1850, 160, 9, 'Бисквит с фруктово-ягодным муссом и желе из пяти фруктов', '052da6e4c443c1fd60fd6280d541398f.jpg');

-- --------------------------------------------------------

--
-- Структура таблицы `goods_and_ingridients`
--

CREATE TABLE `goods_and_ingridients` (
  `id` int(11) NOT NULL,
  `goods_id` int(11) NOT NULL,
  `ingridient_id` int(11) NOT NULL
) ENGINE=InnoDB DEFAULT CHARSET=utf8mb4 COLLATE=utf8mb4_general_ci;

--
-- Дамп данных таблицы `goods_and_ingridients`
--

INSERT INTO `goods_and_ingridients` (`id`, `goods_id`, `ingridient_id`) VALUES
(1, 51, 1),
(2, 51, 2),
(3, 51, 3),
(4, 51, 4),
(5, 51, 5),
(6, 51, 6),
(7, 51, 21),
(8, 52, 1),
(9, 52, 2),
(10, 52, 3),
(11, 52, 4),
(12, 52, 9),
(13, 52, 10),
(14, 52, 12),
(15, 53, 1),
(16, 53, 2),
(17, 53, 3),
(18, 53, 4),
(19, 53, 8),
(20, 54, 1),
(21, 54, 2),
(22, 54, 3),
(23, 54, 4),
(24, 54, 11),
(25, 54, 9),
(26, 55, 1),
(27, 55, 2),
(28, 55, 3),
(29, 55, 4),
(30, 55, 5),
(31, 55, 10),
(32, 56, 2),
(33, 56, 3),
(34, 56, 8),
(35, 56, 40),
(36, 56, 33),
(37, 57, 1),
(38, 57, 2),
(39, 57, 3),
(40, 57, 4),
(41, 57, 5),
(42, 57, 38),
(43, 58, 1),
(44, 58, 2),
(45, 58, 3),
(46, 58, 4),
(47, 58, 35),
(48, 58, 6),
(49, 59, 1),
(50, 59, 2),
(51, 59, 3),
(52, 59, 8),
(53, 59, 39),
(54, 59, 22),
(55, 59, 23),
(56, 60, 1),
(57, 60, 2),
(58, 60, 3),
(59, 60, 4),
(60, 60, 5),
(61, 60, 6),
(62, 60, 7),
(63, 61, 1),
(64, 61, 2),
(65, 61, 3),
(66, 61, 9),
(67, 62, 1),
(68, 62, 2),
(69, 62, 3),
(70, 62, 4),
(71, 62, 10),
(72, 63, 1),
(73, 63, 2),
(74, 63, 3),
(75, 63, 4),
(76, 63, 13),
(77, 63, 6),
(78, 64, 2),
(79, 64, 3),
(80, 64, 4),
(81, 64, 32),
(82, 64, 12),
(83, 65, 1),
(84, 65, 2),
(85, 65, 3),
(86, 65, 4),
(87, 65, 6),
(88, 65, 26),
(89, 65, 12);

-- --------------------------------------------------------

--
-- Структура таблицы `Ingridients`
--

CREATE TABLE `Ingridients` (
  `id` int(11) NOT NULL,
  `name` varchar(255) NOT NULL
) ENGINE=InnoDB DEFAULT CHARSET=utf8mb4 COLLATE=utf8mb4_general_ci;

--
-- Дамп данных таблицы `Ingridients`
--

INSERT INTO `Ingridients` (`id`, `name`) VALUES
(1, 'Мука пшеничная'),
(2, 'Сахар'),
(3, 'Яйца куриные'),
(4, 'Масло сливочное'),
(5, 'Какао-порошок'),
(6, 'Шоколад тёмный'),
(7, 'Шоколад молочный'),
(8, 'Сливки 33 %'),
(9, 'Сметана 20 %'),
(10, 'Творожный сыр'),
(11, 'Мёд'),
(12, 'Орехи грецкие'),
(13, 'Орехи фундук'),
(14, 'Миндаль'),
(15, 'Кокосовая стружка'),
(16, 'Ванильный сахар'),
(17, 'Разрыхлитель теста'),
(18, 'Сода пищевая'),
(19, 'Лимон'),
(20, 'Апельсин'),
(21, 'Вишня замороженная'),
(22, 'Клубника свежая'),
(23, 'Малина свежая'),
(24, 'Черника свежая'),
(25, 'Бананы'),
(26, 'Ананасы консервированные'),
(27, 'Персики консервированные'),
(28, 'Мандарины'),
(29, 'Груши'),
(30, 'Яблоки'),
(31, 'Карамель'),
(32, 'Варёная сгущёнка'),
(33, 'Кофе растворимый'),
(34, 'Мята свежая'),
(35, 'Желатин'),
(36, 'Курд лимонный'),
(37, 'Курд апельсиновый'),
(38, 'Джем абрикосовый'),
(39, 'Желе фруктовое'),
(40, 'Маскарпоне'),
(41, 'Фисташки'),
(42, 'Арахис'),
(43, 'Кешью'),
(44, 'Клюква сушёная'),
(45, 'Изюм'),
(46, 'Цедра лимонная'),
(47, 'Цедра апельсиновая'),
(48, 'Соль'),
(49, 'Корица'),
(50, 'Имбирь молотый');

-- --------------------------------------------------------

--
-- Структура таблицы `news`
--

CREATE TABLE `news` (
  `id` int(11) NOT NULL,
  `title` varchar(100) NOT NULL,
  `text` varchar(255) NOT NULL
) ENGINE=InnoDB DEFAULT CHARSET=utf8mb4 COLLATE=utf8mb4_general_ci;

-- --------------------------------------------------------

--
-- Структура таблицы `roles`
--

CREATE TABLE `roles` (
  `id` int(11) NOT NULL,
  `name` varchar(10) NOT NULL
) ENGINE=InnoDB DEFAULT CHARSET=utf8mb4 COLLATE=utf8mb4_general_ci;

--
-- Дамп данных таблицы `roles`
--

INSERT INTO `roles` (`id`, `name`) VALUES
(1, 'user'),
(2, 'admin'),
(3, 'employeer');

-- --------------------------------------------------------

--
-- Структура таблицы `users`
--

CREATE TABLE `users` (
  `id` int(11) NOT NULL,
  `name` varchar(255) NOT NULL,
  `login` varchar(255) NOT NULL,
  `email` varchar(255) NOT NULL,
  `password` varchar(255) NOT NULL,
  `role_id` int(11) NOT NULL DEFAULT 1,
  `token` varchar(255) DEFAULT NULL
) ENGINE=InnoDB DEFAULT CHARSET=utf8mb4 COLLATE=utf8mb4_general_ci;

--
-- Дамп данных таблицы `users`
--

INSERT INTO `users` (`id`, `name`, `login`, `email`, `password`, `role_id`, `token`) VALUES
(3, 'Emp1', 'Emp1', 'Emp1@Emp1', 'Emp1', 3, NULL),
(4, 'Emp2', 'Emp2', 'Emp2@Emp2', 'Emp2', 3, NULL),
(5, 'Emp3', 'Emp3', 'Em3@Emp3', 'Emp3', 3, NULL),
(7, 'e', 'e', 'e@e', '$2y$10$vcG47r8sGhH2MHXfXISFs.seaXlfPkoK6QQaKEmYkJ4KrhLZwl962', 1, NULL),
(8, 'qw', 'qw', 'qw@qw', '$2y$10$fd/0aUd6R88J9KxmhDd.JeolCONj1jxKgEzfU6Kduw1yFqql4NHvu', 1, NULL),
(9, 'qwe', 'qwe', 'qwe@qwe', '$2y$10$qiWArE7BWWli6aZ3Q0xWOuO.CakL2GcPXsppxcXb4j3yRWElMdxfO', 1, '48154cbccdb1b13f8c7326c79c7f191b3c6b18cfef26a38f');

--
-- Индексы сохранённых таблиц
--

--
-- Индексы таблицы `goods`
--
ALTER TABLE `goods`
  ADD PRIMARY KEY (`id`);

--
-- Индексы таблицы `goods_and_ingridients`
--
ALTER TABLE `goods_and_ingridients`
  ADD PRIMARY KEY (`id`),
  ADD KEY `goods_id` (`goods_id`),
  ADD KEY `ingridient_id` (`ingridient_id`);

--
-- Индексы таблицы `Ingridients`
--
ALTER TABLE `Ingridients`
  ADD PRIMARY KEY (`id`);

--
-- Индексы таблицы `news`
--
ALTER TABLE `news`
  ADD PRIMARY KEY (`id`);

--
-- Индексы таблицы `roles`
--
ALTER TABLE `roles`
  ADD PRIMARY KEY (`id`);

--
-- Индексы таблицы `users`
--
ALTER TABLE `users`
  ADD PRIMARY KEY (`id`);

--
-- AUTO_INCREMENT для сохранённых таблиц
--

--
-- AUTO_INCREMENT для таблицы `goods`
--
ALTER TABLE `goods`
  MODIFY `id` int(11) NOT NULL AUTO_INCREMENT, AUTO_INCREMENT=126;

--
-- AUTO_INCREMENT для таблицы `goods_and_ingridients`
--
ALTER TABLE `goods_and_ingridients`
  MODIFY `id` int(11) NOT NULL AUTO_INCREMENT, AUTO_INCREMENT=90;

--
-- AUTO_INCREMENT для таблицы `Ingridients`
--
ALTER TABLE `Ingridients`
  MODIFY `id` int(11) NOT NULL AUTO_INCREMENT, AUTO_INCREMENT=51;

--
-- AUTO_INCREMENT для таблицы `news`
--
ALTER TABLE `news`
  MODIFY `id` int(11) NOT NULL AUTO_INCREMENT, AUTO_INCREMENT=55;

--
-- AUTO_INCREMENT для таблицы `roles`
--
ALTER TABLE `roles`
  MODIFY `id` int(11) NOT NULL AUTO_INCREMENT, AUTO_INCREMENT=4;

--
-- AUTO_INCREMENT для таблицы `users`
--
ALTER TABLE `users`
  MODIFY `id` int(11) NOT NULL AUTO_INCREMENT, AUTO_INCREMENT=10;

--
-- Ограничения внешнего ключа сохраненных таблиц
--

--
-- Ограничения внешнего ключа таблицы `goods_and_ingridients`
--
ALTER TABLE `goods_and_ingridients`
  ADD CONSTRAINT `1` FOREIGN KEY (`goods_id`) REFERENCES `goods` (`id`),
  ADD CONSTRAINT `2` FOREIGN KEY (`ingridient_id`) REFERENCES `Ingridients` (`id`);
COMMIT;

/*!40101 SET CHARACTER_SET_CLIENT=@OLD_CHARACTER_SET_CLIENT */;
/*!40101 SET CHARACTER_SET_RESULTS=@OLD_CHARACTER_SET_RESULTS */;
/*!40101 SET COLLATION_CONNECTION=@OLD_COLLATION_CONNECTION */;
